0.0,1.0,0.0,1
0.0,1.0,0.0,2
0.0,1.0,0.01,3
0.0,1.0,0.01,4
0.0,1.0,0.02,5
0.0,1.0,0.03,6
0.0,1.0,0.05,7
0.0,1.0,0.07,8
0.0,1.0,0.1,9
0.05,1.0,0.0,10
0.05,1.0,0.0,11
0.05,1.0,0.01,12
0.05,1.0,0.01,13
0.05,1.0,0.02,14
0.05,1.0,0.03,15
0.05,1.0,0.05,16
0.05,1.0,0.07,17
0.05,1.0,0.1,18
0.1,1.0,0.0,19
0.1,1.0,0.0,20
0.1,1.0,0.01,21
0.1,1.0,0.01,22
0.1,1.0,0.02,23
0.1,1.0,0.03,24
0.1,1.0,0.05,25
0.1,1.0,0.07,26
0.1,1.0,0.1,27
0.15,1.0,0.0,28
0.15,1.0,0.0,29
0.15,1.0,0.01,30
0.15,1.0,0.01,31
0.15,1.0,0.02,32
0.15,1.0,0.03,33
0.15,1.0,0.05,34
0.15,1.0,0.07,35
0.15,1.0,0.1,36
0.2,1.0,0.0,37
0.2,1.0,0.0,38
0.2,1.0,0.01,39
0.2,1.0,0.01,40
0.2,1.0,0.02,41
0.2,1.0,0.03,42
0.2,1.0,0.05,43
0.2,1.0,0.07,44
0.2,1.0,0.1,45
0.25,1.0,0.0,46
0.25,1.0,0.0,47
0.25,1.0,0.01,48
0.25,1.0,0.01,49
0.25,1.0,0.02,50
0.25,1.0,0.03,51
0.25,1.0,0.05,52
0.25,1.0,0.07,53
0.25,1.0,0.1,54
0.3,1.0,0.0,55
0.3,1.0,0.0,56
0.3,1.0,0.01,57
0.3,1.0,0.01,58
0.3,1.0,0.02,59
0.3,1.0,0.03,60
0.3,1.0,0.05,61
0.3,1.0,0.07,62
0.3,1.0,0.1,63
0.35,1.0,0.0,64
0.35,1.0,0.0,65
0.35,1.0,0.01,66
0.35,1.0,0.01,67
0.35,1.0,0.02,68
0.35,1.0,0.03,69
0.35,1.0,0.05,70
0.35,1.0,0.07,71
0.35,1.0,0.1,72
0.4,1.0,0.0,73
0.4,1.0,0.0,74
0.4,1.0,0.01,75
0.4,1.0,0.01,76
0.4,1.0,0.02,77
0.4,1.0,0.03,78
0.4,1.0,0.05,79
0.4,1.0,0.07,80
0.4,1.0,0.1,81
0.45,1.0,0.0,82
0.45,1.0,0.0,83
0.45,1.0,0.01,84
0.45,1.0,0.01,85
0.45,1.0,0.02,86
0.45,1.0,0.03,87
0.45,1.0,0.05,88
0.45,1.0,0.07,89
0.45,1.0,0.1,90
0.5,1.0,0.0,91
0.5,1.0,0.0,92
0.5,1.0,0.01,93
0.5,1.0,0.01,94
0.5,1.0,0.02,95
0.5,1.0,0.03,96
0.5,1.0,0.05,97
0.5,1.0,0.07,98
0.5,1.0,0.1,99
0.55,1.0,0.0,100
0.55,1.0,0.0,101
0.55,1.0,0.01,102
0.55,1.0,0.01,103
0.55,1.0,0.02,104
0.55,1.0,0.03,105
0.55,1.0,0.05,106
0.55,1.0,0.07,107
0.55,1.0,0.1,108
0.6,1.0,0.0,109
0.6,1.0,0.0,110
0.6,1.0,0.01,111
0.6,1.0,0.01,112
0.6,1.0,0.02,113
0.6,1.0,0.03,114
0.6,1.0,0.05,115
0.6,1.0,0.07,116
0.6,1.0,0.1,117
0.65,1.0,0.0,118
0.65,1.0,0.0,119
0.65,1.0,0.01,120
0.65,1.0,0.01,121
0.65,1.0,0.02,122
0.65,1.0,0.03,123
0.65,1.0,0.05,124
0.65,1.0,0.07,125
0.65,1.0,0.1,126
0.7,1.0,0.0,127
0.7,1.0,0.0,128
0.7,1.0,0.01,129
0.7,1.0,0.01,130
0.7,1.0,0.02,131
0.7,1.0,0.03,132
0.7,1.0,0.05,133
0.7,1.0,0.07,134
0.7,1.0,0.1,135
0.75,1.0,0.0,136
0.75,1.0,0.0,137
0.75,1.0,0.01,138
0.75,1.0,0.01,139
0.75,1.0,0.02,140
0.75,1.0,0.03,141
0.75,1.0,0.05,142
0.75,1.0,0.07,143
0.75,1.0,0.1,144
0.8,1.0,0.0,145
0.8,1.0,0.0,146
0.8,1.0,0.01,147
0.8,1.0,0.01,148
0.8,1.0,0.02,149
0.8,1.0,0.03,150
0.8,1.0,0.05,151
0.8,1.0,0.07,152
0.8,1.0,0.1,153
0.85,1.0,0.0,154
0.85,1.0,0.0,155
0.85,1.0,0.01,156
0.85,1.0,0.01,157
0.85,1.0,0.02,158
0.85,1.0,0.03,159
0.85,1.0,0.05,160
0.85,1.0,0.07,161
0.85,1.0,0.1,162
0.9,1.0,0.0,163
0.9,1.0,0.0,164
0.9,1.0,0.01,165
0.9,1.0,0.01,166
0.9,1.0,0.02,167
0.9,1.0,0.03,168
0.9,1.0,0.05,169
0.9,1.0,0.07,170
0.9,1.0,0.1,171
0.95,1.0,0.0,172
0.95,1.0,0.0,173
0.95,1.0,0.01,174
0.95,1.0,0.01,175
0.95,1.0,0.02,176
0.95,1.0,0.03,177
0.95,1.0,0.05,178
0.95,1.0,0.07,179
0.95,1.0,0.1,180
1.0,1.0,0.0,181
1.0,1.0,0.0,182
1.0,1.0,0.01,183
1.0,1.0,0.01,184
1.0,1.0,0.02,185
1.0,1.0,0.03,186
1.0,1.0,0.05,187
1.0,1.0,0.07,188
1.0,1.0,0.1,189
0.0,2.12,0.0,190
0.0,2.12,0.0,191
0.0,2.12,0.01,192
0.0,2.12,0.01,193
0.0,2.12,0.02,194
0.0,2.12,0.03,195
0.0,2.12,0.05,196
0.0,2.12,0.07,197
0.0,2.12,0.1,198
0.05,2.12,0.0,199
0.05,2.12,0.0,200
0.05,2.12,0.01,201
0.05,2.12,0.01,202
0.05,2.12,0.02,203
0.05,2.12,0.03,204
0.05,2.12,0.05,205
0.05,2.12,0.07,206
0.05,2.12,0.1,207
0.1,2.12,0.0,208
0.1,2.12,0.0,209
0.1,2.12,0.01,210
0.1,2.12,0.01,211
0.1,2.12,0.02,212
0.1,2.12,0.03,213
0.1,2.12,0.05,214
0.1,2.12,0.07,215
0.1,2.12,0.1,216
0.15,2.12,0.0,217
0.15,2.12,0.0,218
0.15,2.12,0.01,219
0.15,2.12,0.01,220
0.15,2.12,0.02,221
0.15,2.12,0.03,222
0.15,2.12,0.05,223
0.15,2.12,0.07,224
0.15,2.12,0.1,225
0.2,2.12,0.0,226
0.2,2.12,0.0,227
0.2,2.12,0.01,228
0.2,2.12,0.01,229
0.2,2.12,0.02,230
0.2,2.12,0.03,231
0.2,2.12,0.05,232
0.2,2.12,0.07,233
0.2,2.12,0.1,234
0.25,2.12,0.0,235
0.25,2.12,0.0,236
0.25,2.12,0.01,237
0.25,2.12,0.01,238
0.25,2.12,0.02,239
0.25,2.12,0.03,240
0.25,2.12,0.05,241
0.25,2.12,0.07,242
0.25,2.12,0.1,243
0.3,2.12,0.0,244
0.3,2.12,0.0,245
0.3,2.12,0.01,246
0.3,2.12,0.01,247
0.3,2.12,0.02,248
0.3,2.12,0.03,249
0.3,2.12,0.05,250
0.3,2.12,0.07,251
0.3,2.12,0.1,252
0.35,2.12,0.0,253
0.35,2.12,0.0,254
0.35,2.12,0.01,255
0.35,2.12,0.01,256
0.35,2.12,0.02,257
0.35,2.12,0.03,258
0.35,2.12,0.05,259
0.35,2.12,0.07,260
0.35,2.12,0.1,261
0.4,2.12,0.0,262
0.4,2.12,0.0,263
0.4,2.12,0.01,264
0.4,2.12,0.01,265
0.4,2.12,0.02,266
0.4,2.12,0.03,267
0.4,2.12,0.05,268
0.4,2.12,0.07,269
0.4,2.12,0.1,270
0.45,2.12,0.0,271
0.45,2.12,0.0,272
0.45,2.12,0.01,273
0.45,2.12,0.01,274
0.45,2.12,0.02,275
0.45,2.12,0.03,276
0.45,2.12,0.05,277
0.45,2.12,0.07,278
0.45,2.12,0.1,279
0.5,2.12,0.0,280
0.5,2.12,0.0,281
0.5,2.12,0.01,282
0.5,2.12,0.01,283
0.5,2.12,0.02,284
0.5,2.12,0.03,285
0.5,2.12,0.05,286
0.5,2.12,0.07,287
0.5,2.12,0.1,288
0.55,2.12,0.0,289
0.55,2.12,0.0,290
0.55,2.12,0.01,291
0.55,2.12,0.01,292
0.55,2.12,0.02,293
0.55,2.12,0.03,294
0.55,2.12,0.05,295
0.55,2.12,0.07,296
0.55,2.12,0.1,297
0.6,2.12,0.0,298
0.6,2.12,0.0,299
0.6,2.12,0.01,300
0.6,2.12,0.01,301
0.6,2.12,0.02,302
0.6,2.12,0.03,303
0.6,2.12,0.05,304
0.6,2.12,0.07,305
0.6,2.12,0.1,306
0.65,2.12,0.0,307
0.65,2.12,0.0,308
0.65,2.12,0.01,309
0.65,2.12,0.01,310
0.65,2.12,0.02,311
0.65,2.12,0.03,312
0.65,2.12,0.05,313
0.65,2.12,0.07,314
0.65,2.12,0.1,315
0.7,2.12,0.0,316
0.7,2.12,0.0,317
0.7,2.12,0.01,318
0.7,2.12,0.01,319
0.7,2.12,0.02,320
0.7,2.12,0.03,321
0.7,2.12,0.05,322
0.7,2.12,0.07,323
0.7,2.12,0.1,324
0.75,2.12,0.0,325
0.75,2.12,0.0,326
0.75,2.12,0.01,327
0.75,2.12,0.01,328
0.75,2.12,0.02,329
0.75,2.12,0.03,330
0.75,2.12,0.05,331
0.75,2.12,0.07,332
0.75,2.12,0.1,333
0.8,2.12,0.0,334
0.8,2.12,0.0,335
0.8,2.12,0.01,336
0.8,2.12,0.01,337
0.8,2.12,0.02,338
0.8,2.12,0.03,339
0.8,2.12,0.05,340
0.8,2.12,0.07,341
0.8,2.12,0.1,342
0.85,2.12,0.0,343
0.85,2.12,0.0,344
0.85,2.12,0.01,345
0.85,2.12,0.01,346
0.85,2.12,0.02,347
0.85,2.12,0.03,348
0.85,2.12,0.05,349
0.85,2.12,0.07,350
0.85,2.12,0.1,351
0.9,2.12,0.0,352
0.9,2.12,0.0,353
0.9,2.12,0.01,354
0.9,2.12,0.01,355
0.9,2.12,0.02,356
0.9,2.12,0.03,357
0.9,2.12,0.05,358
0.9,2.12,0.07,359
0.9,2.12,0.1,360
0.95,2.12,0.0,361
0.95,2.12,0.0,362
0.95,2.12,0.01,363
0.95,2.12,0.01,364
0.95,2.12,0.02,365
0.95,2.12,0.03,366
0.95,2.12,0.05,367
0.95,2.12,0.07,368
0.95,2.12,0.1,369
1.0,2.12,0.0,370
1.0,2.12,0.0,371
1.0,2.12,0.01,372
1.0,2.12,0.01,373
1.0,2.12,0.02,374
1.0,2.12,0.03,375
1.0,2.12,0.05,376
1.0,2.12,0.07,377
1.0,2.12,0.1,378
0.0,3.25,0.0,379
0.0,3.25,0.0,380
0.0,3.25,0.01,381
0.0,3.25,0.01,382
0.0,3.25,0.02,383
0.0,3.25,0.03,384
0.0,3.25,0.05,385
0.0,3.25,0.07,386
0.0,3.25,0.1,387
0.05,3.25,0.0,388
0.05,3.25,0.0,389
0.05,3.25,0.01,390
0.05,3.25,0.01,391
0.05,3.25,0.02,392
0.05,3.25,0.03,393
0.05,3.25,0.05,394
0.05,3.25,0.07,395
0.05,3.25,0.1,396
0.1,3.25,0.0,397
0.1,3.25,0.0,398
0.1,3.25,0.01,399
0.1,3.25,0.01,400
0.1,3.25,0.02,401
0.1,3.25,0.03,402
0.1,3.25,0.05,403
0.1,3.25,0.07,404
0.1,3.25,0.1,405
0.15,3.25,0.0,406
0.15,3.25,0.0,407
0.15,3.25,0.01,408
0.15,3.25,0.01,409
0.15,3.25,0.02,410
0.15,3.25,0.03,411
0.15,3.25,0.05,412
0.15,3.25,0.07,413
0.15,3.25,0.1,414
0.2,3.25,0.0,415
0.2,3.25,0.0,416
0.2,3.25,0.01,417
0.2,3.25,0.01,418
0.2,3.25,0.02,419
0.2,3.25,0.03,420
0.2,3.25,0.05,421
0.2,3.25,0.07,422
0.2,3.25,0.1,423
0.25,3.25,0.0,424
0.25,3.25,0.0,425
0.25,3.25,0.01,426
0.25,3.25,0.01,427
0.25,3.25,0.02,428
0.25,3.25,0.03,429
0.25,3.25,0.05,430
0.25,3.25,0.07,431
0.25,3.25,0.1,432
0.3,3.25,0.0,433
0.3,3.25,0.0,434
0.3,3.25,0.01,435
0.3,3.25,0.01,436
0.3,3.25,0.02,437
0.3,3.25,0.03,438
0.3,3.25,0.05,439
0.3,3.25,0.07,440
0.3,3.25,0.1,441
0.35,3.25,0.0,442
0.35,3.25,0.0,443
0.35,3.25,0.01,444
0.35,3.25,0.01,445
0.35,3.25,0.02,446
0.35,3.25,0.03,447
0.35,3.25,0.05,448
0.35,3.25,0.07,449
0.35,3.25,0.1,450
0.4,3.25,0.0,451
0.4,3.25,0.0,452
0.4,3.25,0.01,453
0.4,3.25,0.01,454
0.4,3.25,0.02,455
0.4,3.25,0.03,456
0.4,3.25,0.05,457
0.4,3.25,0.07,458
0.4,3.25,0.1,459
0.45,3.25,0.0,460
0.45,3.25,0.0,461
0.45,3.25,0.01,462
0.45,3.25,0.01,463
0.45,3.25,0.02,464
0.45,3.25,0.03,465
0.45,3.25,0.05,466
0.45,3.25,0.07,467
0.45,3.25,0.1,468
0.5,3.25,0.0,469
0.5,3.25,0.0,470
0.5,3.25,0.01,471
0.5,3.25,0.01,472
0.5,3.25,0.02,473
0.5,3.25,0.03,474
0.5,3.25,0.05,475
0.5,3.25,0.07,476
0.5,3.25,0.1,477
0.55,3.25,0.0,478
0.55,3.25,0.0,479
0.55,3.25,0.01,480
0.55,3.25,0.01,481
0.55,3.25,0.02,482
0.55,3.25,0.03,483
0.55,3.25,0.05,484
0.55,3.25,0.07,485
0.55,3.25,0.1,486
0.6,3.25,0.0,487
0.6,3.25,0.0,488
0.6,3.25,0.01,489
0.6,3.25,0.01,490
0.6,3.25,0.02,491
0.6,3.25,0.03,492
0.6,3.25,0.05,493
0.6,3.25,0.07,494
0.6,3.25,0.1,495
0.65,3.25,0.0,496
0.65,3.25,0.0,497
0.65,3.25,0.01,498
0.65,3.25,0.01,499
0.65,3.25,0.02,500
0.65,3.25,0.03,501
0.65,3.25,0.05,502
0.65,3.25,0.07,503
0.65,3.25,0.1,504
0.7,3.25,0.0,505
0.7,3.25,0.0,506
0.7,3.25,0.01,507
0.7,3.25,0.01,508
0.7,3.25,0.02,509
0.7,3.25,0.03,510
0.7,3.25,0.05,511
0.7,3.25,0.07,512
0.7,3.25,0.1,513
0.75,3.25,0.0,514
0.75,3.25,0.0,515
0.75,3.25,0.01,516
0.75,3.25,0.01,517
0.75,3.25,0.02,518
0.75,3.25,0.03,519
0.75,3.25,0.05,520
0.75,3.25,0.07,521
0.75,3.25,0.1,522
0.8,3.25,0.0,523
0.8,3.25,0.0,524
0.8,3.25,0.01,525
0.8,3.25,0.01,526
0.8,3.25,0.02,527
0.8,3.25,0.03,528
0.8,3.25,0.05,529
0.8,3.25,0.07,530
0.8,3.25,0.1,531
0.85,3.25,0.0,532
0.85,3.25,0.0,533
0.85,3.25,0.01,534
0.85,3.25,0.01,535
0.85,3.25,0.02,536
0.85,3.25,0.03,537
0.85,3.25,0.05,538
0.85,3.25,0.07,539
0.85,3.25,0.1,540
0.9,3.25,0.0,541
0.9,3.25,0.0,542
0.9,3.25,0.01,543
0.9,3.25,0.01,544
0.9,3.25,0.02,545
0.9,3.25,0.03,546
0.9,3.25,0.05,547
0.9,3.25,0.07,548
0.9,3.25,0.1,549
0.95,3.25,0.0,550
0.95,3.25,0.0,551
0.95,3.25,0.01,552
0.95,3.25,0.01,553
0.95,3.25,0.02,554
0.95,3.25,0.03,555
0.95,3.25,0.05,556
0.95,3.25,0.07,557
0.95,3.25,0.1,558
1.0,3.25,0.0,559
1.0,3.25,0.0,560
1.0,3.25,0.01,561
1.0,3.25,0.01,562
1.0,3.25,0.02,563
1.0,3.25,0.03,564
1.0,3.25,0.05,565
1.0,3.25,0.07,566
1.0,3.25,0.1,567
0.0,4.38,0.0,568
0.0,4.38,0.0,569
0.0,4.38,0.01,570
0.0,4.38,0.01,571
0.0,4.38,0.02,572
0.0,4.38,0.03,573
0.0,4.38,0.05,574
0.0,4.38,0.07,575
0.0,4.38,0.1,576
0.05,4.38,0.0,577
0.05,4.38,0.0,578
0.05,4.38,0.01,579
0.05,4.38,0.01,580
0.05,4.38,0.02,581
0.05,4.38,0.03,582
0.05,4.38,0.05,583
0.05,4.38,0.07,584
0.05,4.38,0.1,585
0.1,4.38,0.0,586
0.1,4.38,0.0,587
0.1,4.38,0.01,588
0.1,4.38,0.01,589
0.1,4.38,0.02,590
0.1,4.38,0.03,591
0.1,4.38,0.05,592
0.1,4.38,0.07,593
0.1,4.38,0.1,594
0.15,4.38,0.0,595
0.15,4.38,0.0,596
0.15,4.38,0.01,597
0.15,4.38,0.01,598
0.15,4.38,0.02,599
0.15,4.38,0.03,600
0.15,4.38,0.05,601
0.15,4.38,0.07,602
0.15,4.38,0.1,603
0.2,4.38,0.0,604
0.2,4.38,0.0,605
0.2,4.38,0.01,606
0.2,4.38,0.01,607
0.2,4.38,0.02,608
0.2,4.38,0.03,609
0.2,4.38,0.05,610
0.2,4.38,0.07,611
0.2,4.38,0.1,612
0.25,4.38,0.0,613
0.25,4.38,0.0,614
0.25,4.38,0.01,615
0.25,4.38,0.01,616
0.25,4.38,0.02,617
0.25,4.38,0.03,618
0.25,4.38,0.05,619
0.25,4.38,0.07,620
0.25,4.38,0.1,621
0.3,4.38,0.0,622
0.3,4.38,0.0,623
0.3,4.38,0.01,624
0.3,4.38,0.01,625
0.3,4.38,0.02,626
0.3,4.38,0.03,627
0.3,4.38,0.05,628
0.3,4.38,0.07,629
0.3,4.38,0.1,630
0.35,4.38,0.0,631
0.35,4.38,0.0,632
0.35,4.38,0.01,633
0.35,4.38,0.01,634
0.35,4.38,0.02,635
0.35,4.38,0.03,636
0.35,4.38,0.05,637
0.35,4.38,0.07,638
0.35,4.38,0.1,639
0.4,4.38,0.0,640
0.4,4.38,0.0,641
0.4,4.38,0.01,642
0.4,4.38,0.01,643
0.4,4.38,0.02,644
0.4,4.38,0.03,645
0.4,4.38,0.05,646
0.4,4.38,0.07,647
0.4,4.38,0.1,648
0.45,4.38,0.0,649
0.45,4.38,0.0,650
0.45,4.38,0.01,651
0.45,4.38,0.01,652
0.45,4.38,0.02,653
0.45,4.38,0.03,654
0.45,4.38,0.05,655
0.45,4.38,0.07,656
0.45,4.38,0.1,657
0.5,4.38,0.0,658
0.5,4.38,0.0,659
0.5,4.38,0.01,660
0.5,4.38,0.01,661
0.5,4.38,0.02,662
0.5,4.38,0.03,663
0.5,4.38,0.05,664
0.5,4.38,0.07,665
0.5,4.38,0.1,666
0.55,4.38,0.0,667
0.55,4.38,0.0,668
0.55,4.38,0.01,669
0.55,4.38,0.01,670
0.55,4.38,0.02,671
0.55,4.38,0.03,672
0.55,4.38,0.05,673
0.55,4.38,0.07,674
0.55,4.38,0.1,675
0.6,4.38,0.0,676
0.6,4.38,0.0,677
0.6,4.38,0.01,678
0.6,4.38,0.01,679
0.6,4.38,0.02,680
0.6,4.38,0.03,681
0.6,4.38,0.05,682
0.6,4.38,0.07,683
0.6,4.38,0.1,684
0.65,4.38,0.0,685
0.65,4.38,0.0,686
0.65,4.38,0.01,687
0.65,4.38,0.01,688
0.65,4.38,0.02,689
0.65,4.38,0.03,690
0.65,4.38,0.05,691
0.65,4.38,0.07,692
0.65,4.38,0.1,693
0.7,4.38,0.0,694
0.7,4.38,0.0,695
0.7,4.38,0.01,696
0.7,4.38,0.01,697
0.7,4.38,0.02,698
0.7,4.38,0.03,699
0.7,4.38,0.05,700
0.7,4.38,0.07,701
0.7,4.38,0.1,702
0.75,4.38,0.0,703
0.75,4.38,0.0,704
0.75,4.38,0.01,705
0.75,4.38,0.01,706
0.75,4.38,0.02,707
0.75,4.38,0.03,708
0.75,4.38,0.05,709
0.75,4.38,0.07,710
0.75,4.38,0.1,711
0.8,4.38,0.0,712
0.8,4.38,0.0,713
0.8,4.38,0.01,714
0.8,4.38,0.01,715
0.8,4.38,0.02,716
0.8,4.38,0.03,717
0.8,4.38,0.05,718
0.8,4.38,0.07,719
0.8,4.38,0.1,720
0.85,4.38,0.0,721
0.85,4.38,0.0,722
0.85,4.38,0.01,723
0.85,4.38,0.01,724
0.85,4.38,0.02,725
0.85,4.38,0.03,726
0.85,4.38,0.05,727
0.85,4.38,0.07,728
0.85,4.38,0.1,729
0.9,4.38,0.0,730
0.9,4.38,0.0,731
0.9,4.38,0.01,732
0.9,4.38,0.01,733
0.9,4.38,0.02,734
0.9,4.38,0.03,735
0.9,4.38,0.05,736
0.9,4.38,0.07,737
0.9,4.38,0.1,738
0.95,4.38,0.0,739
0.95,4.38,0.0,740
0.95,4.38,0.01,741
0.95,4.38,0.01,742
0.95,4.38,0.02,743
0.95,4.38,0.03,744
0.95,4.38,0.05,745
0.95,4.38,0.07,746
0.95,4.38,0.1,747
1.0,4.38,0.0,748
1.0,4.38,0.0,749
1.0,4.38,0.01,750
1.0,4.38,0.01,751
1.0,4.38,0.02,752
1.0,4.38,0.03,753
1.0,4.38,0.05,754
1.0,4.38,0.07,755
1.0,4.38,0.1,756
0.0,5.5,0.0,757
0.0,5.5,0.0,758
0.0,5.5,0.01,759
0.0,5.5,0.01,760
0.0,5.5,0.02,761
0.0,5.5,0.03,762
0.0,5.5,0.05,763
0.0,5.5,0.07,764
0.0,5.5,0.1,765
0.05,5.5,0.0,766
0.05,5.5,0.0,767
0.05,5.5,0.01,768
0.05,5.5,0.01,769
0.05,5.5,0.02,770
0.05,5.5,0.03,771
0.05,5.5,0.05,772
0.05,5.5,0.07,773
0.05,5.5,0.1,774
0.1,5.5,0.0,775
0.1,5.5,0.0,776
0.1,5.5,0.01,777
0.1,5.5,0.01,778
0.1,5.5,0.02,779
0.1,5.5,0.03,780
0.1,5.5,0.05,781
0.1,5.5,0.07,782
0.1,5.5,0.1,783
0.15,5.5,0.0,784
0.15,5.5,0.0,785
0.15,5.5,0.01,786
0.15,5.5,0.01,787
0.15,5.5,0.02,788
0.15,5.5,0.03,789
0.15,5.5,0.05,790
0.15,5.5,0.07,791
0.15,5.5,0.1,792
0.2,5.5,0.0,793
0.2,5.5,0.0,794
0.2,5.5,0.01,795
0.2,5.5,0.01,796
0.2,5.5,0.02,797
0.2,5.5,0.03,798
0.2,5.5,0.05,799
0.2,5.5,0.07,800
0.2,5.5,0.1,801
0.25,5.5,0.0,802
0.25,5.5,0.0,803
0.25,5.5,0.01,804
0.25,5.5,0.01,805
0.25,5.5,0.02,806
0.25,5.5,0.03,807
0.25,5.5,0.05,808
0.25,5.5,0.07,809
0.25,5.5,0.1,810
0.3,5.5,0.0,811
0.3,5.5,0.0,812
0.3,5.5,0.01,813
0.3,5.5,0.01,814
0.3,5.5,0.02,815
0.3,5.5,0.03,816
0.3,5.5,0.05,817
0.3,5.5,0.07,818
0.3,5.5,0.1,819
0.35,5.5,0.0,820
0.35,5.5,0.0,821
0.35,5.5,0.01,822
0.35,5.5,0.01,823
0.35,5.5,0.02,824
0.35,5.5,0.03,825
0.35,5.5,0.05,826
0.35,5.5,0.07,827
0.35,5.5,0.1,828
0.4,5.5,0.0,829
0.4,5.5,0.0,830
0.4,5.5,0.01,831
0.4,5.5,0.01,832
0.4,5.5,0.02,833
0.4,5.5,0.03,834
0.4,5.5,0.05,835
0.4,5.5,0.07,836
0.4,5.5,0.1,837
0.45,5.5,0.0,838
0.45,5.5,0.0,839
0.45,5.5,0.01,840
0.45,5.5,0.01,841
0.45,5.5,0.02,842
0.45,5.5,0.03,843
0.45,5.5,0.05,844
0.45,5.5,0.07,845
0.45,5.5,0.1,846
0.5,5.5,0.0,847
0.5,5.5,0.0,848
0.5,5.5,0.01,849
0.5,5.5,0.01,850
0.5,5.5,0.02,851
0.5,5.5,0.03,852
0.5,5.5,0.05,853
0.5,5.5,0.07,854
0.5,5.5,0.1,855
0.55,5.5,0.0,856
0.55,5.5,0.0,857
0.55,5.5,0.01,858
0.55,5.5,0.01,859
0.55,5.5,0.02,860
0.55,5.5,0.03,861
0.55,5.5,0.05,862
0.55,5.5,0.07,863
0.55,5.5,0.1,864
0.6,5.5,0.0,865
0.6,5.5,0.0,866
0.6,5.5,0.01,867
0.6,5.5,0.01,868
0.6,5.5,0.02,869
0.6,5.5,0.03,870
0.6,5.5,0.05,871
0.6,5.5,0.07,872
0.6,5.5,0.1,873
0.65,5.5,0.0,874
0.65,5.5,0.0,875
0.65,5.5,0.01,876
0.65,5.5,0.01,877
0.65,5.5,0.02,878
0.65,5.5,0.03,879
0.65,5.5,0.05,880
0.65,5.5,0.07,881
0.65,5.5,0.1,882
0.7,5.5,0.0,883
0.7,5.5,0.0,884
0.7,5.5,0.01,885
0.7,5.5,0.01,886
0.7,5.5,0.02,887
0.7,5.5,0.03,888
0.7,5.5,0.05,889
0.7,5.5,0.07,890
0.7,5.5,0.1,891
0.75,5.5,0.0,892
0.75,5.5,0.0,893
0.75,5.5,0.01,894
0.75,5.5,0.01,895
0.75,5.5,0.02,896
0.75,5.5,0.03,897
0.75,5.5,0.05,898
0.75,5.5,0.07,899
0.75,5.5,0.1,900
0.8,5.5,0.0,901
0.8,5.5,0.0,902
0.8,5.5,0.01,903
0.8,5.5,0.01,904
0.8,5.5,0.02,905
0.8,5.5,0.03,906
0.8,5.5,0.05,907
0.8,5.5,0.07,908
0.8,5.5,0.1,909
0.85,5.5,0.0,910
0.85,5.5,0.0,911
0.85,5.5,0.01,912
0.85,5.5,0.01,913
0.85,5.5,0.02,914
0.85,5.5,0.03,915
0.85,5.5,0.05,916
0.85,5.5,0.07,917
0.85,5.5,0.1,918
0.9,5.5,0.0,919
0.9,5.5,0.0,920
0.9,5.5,0.01,921
0.9,5.5,0.01,922
0.9,5.5,0.02,923
0.9,5.5,0.03,924
0.9,5.5,0.05,925
0.9,5.5,0.07,926
0.9,5.5,0.1,927
0.95,5.5,0.0,928
0.95,5.5,0.0,929
0.95,5.5,0.01,930
0.95,5.5,0.01,931
0.95,5.5,0.02,932
0.95,5.5,0.03,933
0.95,5.5,0.05,934
0.95,5.5,0.07,935
0.95,5.5,0.1,936
1.0,5.5,0.0,937
1.0,5.5,0.0,938
1.0,5.5,0.01,939
1.0,5.5,0.01,940
1.0,5.5,0.02,941
1.0,5.5,0.03,942
1.0,5.5,0.05,943
1.0,5.5,0.07,944
1.0,5.5,0.1,945
0.0,6.62,0.0,946
0.0,6.62,0.0,947
0.0,6.62,0.01,948
0.0,6.62,0.01,949
0.0,6.62,0.02,950
0.0,6.62,0.03,951
0.0,6.62,0.05,952
0.0,6.62,0.07,953
0.0,6.62,0.1,954
0.05,6.62,0.0,955
0.05,6.62,0.0,956
0.05,6.62,0.01,957
0.05,6.62,0.01,958
0.05,6.62,0.02,959
0.05,6.62,0.03,960
0.05,6.62,0.05,961
0.05,6.62,0.07,962
0.05,6.62,0.1,963
0.1,6.62,0.0,964
0.1,6.62,0.0,965
0.1,6.62,0.01,966
0.1,6.62,0.01,967
0.1,6.62,0.02,968
0.1,6.62,0.03,969
0.1,6.62,0.05,970
0.1,6.62,0.07,971
0.1,6.62,0.1,972
0.15,6.62,0.0,973
0.15,6.62,0.0,974
0.15,6.62,0.01,975
0.15,6.62,0.01,976
0.15,6.62,0.02,977
0.15,6.62,0.03,978
0.15,6.62,0.05,979
0.15,6.62,0.07,980
0.15,6.62,0.1,981
0.2,6.62,0.0,982
0.2,6.62,0.0,983
0.2,6.62,0.01,984
0.2,6.62,0.01,985
0.2,6.62,0.02,986
0.2,6.62,0.03,987
0.2,6.62,0.05,988
0.2,6.62,0.07,989
0.2,6.62,0.1,990
0.25,6.62,0.0,991
0.25,6.62,0.0,992
0.25,6.62,0.01,993
0.25,6.62,0.01,994
0.25,6.62,0.02,995
0.25,6.62,0.03,996
0.25,6.62,0.05,997
0.25,6.62,0.07,998
0.25,6.62,0.1,999
0.3,6.62,0.0,1000
0.3,6.62,0.0,1001
0.3,6.62,0.01,1002
0.3,6.62,0.01,1003
0.3,6.62,0.02,1004
0.3,6.62,0.03,1005
0.3,6.62,0.05,1006
0.3,6.62,0.07,1007
0.3,6.62,0.1,1008
0.35,6.62,0.0,1009
0.35,6.62,0.0,1010
0.35,6.62,0.01,1011
0.35,6.62,0.01,1012
0.35,6.62,0.02,1013
0.35,6.62,0.03,1014
0.35,6.62,0.05,1015
0.35,6.62,0.07,1016
0.35,6.62,0.1,1017
0.4,6.62,0.0,1018
0.4,6.62,0.0,1019
0.4,6.62,0.01,1020
0.4,6.62,0.01,1021
0.4,6.62,0.02,1022
0.4,6.62,0.03,1023
0.4,6.62,0.05,1024
0.4,6.62,0.07,1025
0.4,6.62,0.1,1026
0.45,6.62,0.0,1027
0.45,6.62,0.0,1028
0.45,6.62,0.01,1029
0.45,6.62,0.01,1030
0.45,6.62,0.02,1031
0.45,6.62,0.03,1032
0.45,6.62,0.05,1033
0.45,6.62,0.07,1034
0.45,6.62,0.1,1035
0.5,6.62,0.0,1036
0.5,6.62,0.0,1037
0.5,6.62,0.01,1038
0.5,6.62,0.01,1039
0.5,6.62,0.02,1040
0.5,6.62,0.03,1041
0.5,6.62,0.05,1042
0.5,6.62,0.07,1043
0.5,6.62,0.1,1044
0.55,6.62,0.0,1045
0.55,6.62,0.0,1046
0.55,6.62,0.01,1047
0.55,6.62,0.01,1048
0.55,6.62,0.02,1049
0.55,6.62,0.03,1050
0.55,6.62,0.05,1051
0.55,6.62,0.07,1052
0.55,6.62,0.1,1053
0.6,6.62,0.0,1054
0.6,6.62,0.0,1055
0.6,6.62,0.01,1056
0.6,6.62,0.01,1057
0.6,6.62,0.02,1058
0.6,6.62,0.03,1059
0.6,6.62,0.05,1060
0.6,6.62,0.07,1061
0.6,6.62,0.1,1062
0.65,6.62,0.0,1063
0.65,6.62,0.0,1064
0.65,6.62,0.01,1065
0.65,6.62,0.01,1066
0.65,6.62,0.02,1067
0.65,6.62,0.03,1068
0.65,6.62,0.05,1069
0.65,6.62,0.07,1070
0.65,6.62,0.1,1071
0.7,6.62,0.0,1072
0.7,6.62,0.0,1073
0.7,6.62,0.01,1074
0.7,6.62,0.01,1075
0.7,6.62,0.02,1076
0.7,6.62,0.03,1077
0.7,6.62,0.05,1078
0.7,6.62,0.07,1079
0.7,6.62,0.1,1080
0.75,6.62,0.0,1081
0.75,6.62,0.0,1082
0.75,6.62,0.01,1083
0.75,6.62,0.01,1084
0.75,6.62,0.02,1085
0.75,6.62,0.03,1086
0.75,6.62,0.05,1087
0.75,6.62,0.07,1088
0.75,6.62,0.1,1089
0.8,6.62,0.0,1090
0.8,6.62,0.0,1091
0.8,6.62,0.01,1092
0.8,6.62,0.01,1093
0.8,6.62,0.02,1094
0.8,6.62,0.03,1095
0.8,6.62,0.05,1096
0.8,6.62,0.07,1097
0.8,6.62,0.1,1098
0.85,6.62,0.0,1099
0.85,6.62,0.0,1100
0.85,6.62,0.01,1101
0.85,6.62,0.01,1102
0.85,6.62,0.02,1103
0.85,6.62,0.03,1104
0.85,6.62,0.05,1105
0.85,6.62,0.07,1106
0.85,6.62,0.1,1107
0.9,6.62,0.0,1108
0.9,6.62,0.0,1109
0.9,6.62,0.01,1110
0.9,6.62,0.01,1111
0.9,6.62,0.02,1112
0.9,6.62,0.03,1113
0.9,6.62,0.05,1114
0.9,6.62,0.07,1115
0.9,6.62,0.1,1116
0.95,6.62,0.0,1117
0.95,6.62,0.0,1118
0.95,6.62,0.01,1119
0.95,6.62,0.01,1120
0.95,6.62,0.02,1121
0.95,6.62,0.03,1122
0.95,6.62,0.05,1123
0.95,6.62,0.07,1124
0.95,6.62,0.1,1125
1.0,6.62,0.0,1126
1.0,6.62,0.0,1127
1.0,6.62,0.01,1128
1.0,6.62,0.01,1129
1.0,6.62,0.02,1130
1.0,6.62,0.03,1131
1.0,6.62,0.05,1132
1.0,6.62,0.07,1133
1.0,6.62,0.1,1134
0.0,7.75,0.0,1135
0.0,7.75,0.0,1136
0.0,7.75,0.01,1137
0.0,7.75,0.01,1138
0.0,7.75,0.02,1139
0.0,7.75,0.03,1140
0.0,7.75,0.05,1141
0.0,7.75,0.07,1142
0.0,7.75,0.1,1143
0.05,7.75,0.0,1144
0.05,7.75,0.0,1145
0.05,7.75,0.01,1146
0.05,7.75,0.01,1147
0.05,7.75,0.02,1148
0.05,7.75,0.03,1149
0.05,7.75,0.05,1150
0.05,7.75,0.07,1151
0.05,7.75,0.1,1152
0.1,7.75,0.0,1153
0.1,7.75,0.0,1154
0.1,7.75,0.01,1155
0.1,7.75,0.01,1156
0.1,7.75,0.02,1157
0.1,7.75,0.03,1158
0.1,7.75,0.05,1159
0.1,7.75,0.07,1160
0.1,7.75,0.1,1161
0.15,7.75,0.0,1162
0.15,7.75,0.0,1163
0.15,7.75,0.01,1164
0.15,7.75,0.01,1165
0.15,7.75,0.02,1166
0.15,7.75,0.03,1167
0.15,7.75,0.05,1168
0.15,7.75,0.07,1169
0.15,7.75,0.1,1170
0.2,7.75,0.0,1171
0.2,7.75,0.0,1172
0.2,7.75,0.01,1173
0.2,7.75,0.01,1174
0.2,7.75,0.02,1175
0.2,7.75,0.03,1176
0.2,7.75,0.05,1177
0.2,7.75,0.07,1178
0.2,7.75,0.1,1179
0.25,7.75,0.0,1180
0.25,7.75,0.0,1181
0.25,7.75,0.01,1182
0.25,7.75,0.01,1183
0.25,7.75,0.02,1184
0.25,7.75,0.03,1185
0.25,7.75,0.05,1186
0.25,7.75,0.07,1187
0.25,7.75,0.1,1188
0.3,7.75,0.0,1189
0.3,7.75,0.0,1190
0.3,7.75,0.01,1191
0.3,7.75,0.01,1192
0.3,7.75,0.02,1193
0.3,7.75,0.03,1194
0.3,7.75,0.05,1195
0.3,7.75,0.07,1196
0.3,7.75,0.1,1197
0.35,7.75,0.0,1198
0.35,7.75,0.0,1199
0.35,7.75,0.01,1200
0.35,7.75,0.01,1201
0.35,7.75,0.02,1202
0.35,7.75,0.03,1203
0.35,7.75,0.05,1204
0.35,7.75,0.07,1205
0.35,7.75,0.1,1206
0.4,7.75,0.0,1207
0.4,7.75,0.0,1208
0.4,7.75,0.01,1209
0.4,7.75,0.01,1210
0.4,7.75,0.02,1211
0.4,7.75,0.03,1212
0.4,7.75,0.05,1213
0.4,7.75,0.07,1214
0.4,7.75,0.1,1215
0.45,7.75,0.0,1216
0.45,7.75,0.0,1217
0.45,7.75,0.01,1218
0.45,7.75,0.01,1219
0.45,7.75,0.02,1220
0.45,7.75,0.03,1221
0.45,7.75,0.05,1222
0.45,7.75,0.07,1223
0.45,7.75,0.1,1224
0.5,7.75,0.0,1225
0.5,7.75,0.0,1226
0.5,7.75,0.01,1227
0.5,7.75,0.01,1228
0.5,7.75,0.02,1229
0.5,7.75,0.03,1230
0.5,7.75,0.05,1231
0.5,7.75,0.07,1232
0.5,7.75,0.1,1233
0.55,7.75,0.0,1234
0.55,7.75,0.0,1235
0.55,7.75,0.01,1236
0.55,7.75,0.01,1237
0.55,7.75,0.02,1238
0.55,7.75,0.03,1239
0.55,7.75,0.05,1240
0.55,7.75,0.07,1241
0.55,7.75,0.1,1242
0.6,7.75,0.0,1243
0.6,7.75,0.0,1244
0.6,7.75,0.01,1245
0.6,7.75,0.01,1246
0.6,7.75,0.02,1247
0.6,7.75,0.03,1248
0.6,7.75,0.05,1249
0.6,7.75,0.07,1250
0.6,7.75,0.1,1251
0.65,7.75,0.0,1252
0.65,7.75,0.0,1253
0.65,7.75,0.01,1254
0.65,7.75,0.01,1255
0.65,7.75,0.02,1256
0.65,7.75,0.03,1257
0.65,7.75,0.05,1258
0.65,7.75,0.07,1259
0.65,7.75,0.1,1260
0.7,7.75,0.0,1261
0.7,7.75,0.0,1262
0.7,7.75,0.01,1263
0.7,7.75,0.01,1264
0.7,7.75,0.02,1265
0.7,7.75,0.03,1266
0.7,7.75,0.05,1267
0.7,7.75,0.07,1268
0.7,7.75,0.1,1269
0.75,7.75,0.0,1270
0.75,7.75,0.0,1271
0.75,7.75,0.01,1272
0.75,7.75,0.01,1273
0.75,7.75,0.02,1274
0.75,7.75,0.03,1275
0.75,7.75,0.05,1276
0.75,7.75,0.07,1277
0.75,7.75,0.1,1278
0.8,7.75,0.0,1279
0.8,7.75,0.0,1280
0.8,7.75,0.01,1281
0.8,7.75,0.01,1282
0.8,7.75,0.02,1283
0.8,7.75,0.03,1284
0.8,7.75,0.05,1285
0.8,7.75,0.07,1286
0.8,7.75,0.1,1287
0.85,7.75,0.0,1288
0.85,7.75,0.0,1289
0.85,7.75,0.01,1290
0.85,7.75,0.01,1291
0.85,7.75,0.02,1292
0.85,7.75,0.03,1293
0.85,7.75,0.05,1294
0.85,7.75,0.07,1295
0.85,7.75,0.1,1296
0.9,7.75,0.0,1297
0.9,7.75,0.0,1298
0.9,7.75,0.01,1299
0.9,7.75,0.01,1300
0.9,7.75,0.02,1301
0.9,7.75,0.03,1302
0.9,7.75,0.05,1303
0.9,7.75,0.07,1304
0.9,7.75,0.1,1305
0.95,7.75,0.0,1306
0.95,7.75,0.0,1307
0.95,7.75,0.01,1308
0.95,7.75,0.01,1309
0.95,7.75,0.02,1310
0.95,7.75,0.03,1311
0.95,7.75,0.05,1312
0.95,7.75,0.07,1313
0.95,7.75,0.1,1314
1.0,7.75,0.0,1315
1.0,7.75,0.0,1316
1.0,7.75,0.01,1317
1.0,7.75,0.01,1318
1.0,7.75,0.02,1319
1.0,7.75,0.03,1320
1.0,7.75,0.05,1321
1.0,7.75,0.07,1322
1.0,7.75,0.1,1323
0.0,8.88,0.0,1324
0.0,8.88,0.0,1325
0.0,8.88,0.01,1326
0.0,8.88,0.01,1327
0.0,8.88,0.02,1328
0.0,8.88,0.03,1329
0.0,8.88,0.05,1330
0.0,8.88,0.07,1331
0.0,8.88,0.1,1332
0.05,8.88,0.0,1333
0.05,8.88,0.0,1334
0.05,8.88,0.01,1335
0.05,8.88,0.01,1336
0.05,8.88,0.02,1337
0.05,8.88,0.03,1338
0.05,8.88,0.05,1339
0.05,8.88,0.07,1340
0.05,8.88,0.1,1341
0.1,8.88,0.0,1342
0.1,8.88,0.0,1343
0.1,8.88,0.01,1344
0.1,8.88,0.01,1345
0.1,8.88,0.02,1346
0.1,8.88,0.03,1347
0.1,8.88,0.05,1348
0.1,8.88,0.07,1349
0.1,8.88,0.1,1350
0.15,8.88,0.0,1351
0.15,8.88,0.0,1352
0.15,8.88,0.01,1353
0.15,8.88,0.01,1354
0.15,8.88,0.02,1355
0.15,8.88,0.03,1356
0.15,8.88,0.05,1357
0.15,8.88,0.07,1358
0.15,8.88,0.1,1359
0.2,8.88,0.0,1360
0.2,8.88,0.0,1361
0.2,8.88,0.01,1362
0.2,8.88,0.01,1363
0.2,8.88,0.02,1364
0.2,8.88,0.03,1365
0.2,8.88,0.05,1366
0.2,8.88,0.07,1367
0.2,8.88,0.1,1368
0.25,8.88,0.0,1369
0.25,8.88,0.0,1370
0.25,8.88,0.01,1371
0.25,8.88,0.01,1372
0.25,8.88,0.02,1373
0.25,8.88,0.03,1374
0.25,8.88,0.05,1375
0.25,8.88,0.07,1376
0.25,8.88,0.1,1377
0.3,8.88,0.0,1378
0.3,8.88,0.0,1379
0.3,8.88,0.01,1380
0.3,8.88,0.01,1381
0.3,8.88,0.02,1382
0.3,8.88,0.03,1383
0.3,8.88,0.05,1384
0.3,8.88,0.07,1385
0.3,8.88,0.1,1386
0.35,8.88,0.0,1387
0.35,8.88,0.0,1388
0.35,8.88,0.01,1389
0.35,8.88,0.01,1390
0.35,8.88,0.02,1391
0.35,8.88,0.03,1392
0.35,8.88,0.05,1393
0.35,8.88,0.07,1394
0.35,8.88,0.1,1395
0.4,8.88,0.0,1396
0.4,8.88,0.0,1397
0.4,8.88,0.01,1398
0.4,8.88,0.01,1399
0.4,8.88,0.02,1400
0.4,8.88,0.03,1401
0.4,8.88,0.05,1402
0.4,8.88,0.07,1403
0.4,8.88,0.1,1404
0.45,8.88,0.0,1405
0.45,8.88,0.0,1406
0.45,8.88,0.01,1407
0.45,8.88,0.01,1408
0.45,8.88,0.02,1409
0.45,8.88,0.03,1410
0.45,8.88,0.05,1411
0.45,8.88,0.07,1412
0.45,8.88,0.1,1413
0.5,8.88,0.0,1414
0.5,8.88,0.0,1415
0.5,8.88,0.01,1416
0.5,8.88,0.01,1417
0.5,8.88,0.02,1418
0.5,8.88,0.03,1419
0.5,8.88,0.05,1420
0.5,8.88,0.07,1421
0.5,8.88,0.1,1422
0.55,8.88,0.0,1423
0.55,8.88,0.0,1424
0.55,8.88,0.01,1425
0.55,8.88,0.01,1426
0.55,8.88,0.02,1427
0.55,8.88,0.03,1428
0.55,8.88,0.05,1429
0.55,8.88,0.07,1430
0.55,8.88,0.1,1431
0.6,8.88,0.0,1432
0.6,8.88,0.0,1433
0.6,8.88,0.01,1434
0.6,8.88,0.01,1435
0.6,8.88,0.02,1436
0.6,8.88,0.03,1437
0.6,8.88,0.05,1438
0.6,8.88,0.07,1439
0.6,8.88,0.1,1440
0.65,8.88,0.0,1441
0.65,8.88,0.0,1442
0.65,8.88,0.01,1443
0.65,8.88,0.01,1444
0.65,8.88,0.02,1445
0.65,8.88,0.03,1446
0.65,8.88,0.05,1447
0.65,8.88,0.07,1448
0.65,8.88,0.1,1449
0.7,8.88,0.0,1450
0.7,8.88,0.0,1451
0.7,8.88,0.01,1452
0.7,8.88,0.01,1453
0.7,8.88,0.02,1454
0.7,8.88,0.03,1455
0.7,8.88,0.05,1456
0.7,8.88,0.07,1457
0.7,8.88,0.1,1458
0.75,8.88,0.0,1459
0.75,8.88,0.0,1460
0.75,8.88,0.01,1461
0.75,8.88,0.01,1462
0.75,8.88,0.02,1463
0.75,8.88,0.03,1464
0.75,8.88,0.05,1465
0.75,8.88,0.07,1466
0.75,8.88,0.1,1467
0.8,8.88,0.0,1468
0.8,8.88,0.0,1469
0.8,8.88,0.01,1470
0.8,8.88,0.01,1471
0.8,8.88,0.02,1472
0.8,8.88,0.03,1473
0.8,8.88,0.05,1474
0.8,8.88,0.07,1475
0.8,8.88,0.1,1476
0.85,8.88,0.0,1477
0.85,8.88,0.0,1478
0.85,8.88,0.01,1479
0.85,8.88,0.01,1480
0.85,8.88,0.02,1481
0.85,8.88,0.03,1482
0.85,8.88,0.05,1483
0.85,8.88,0.07,1484
0.85,8.88,0.1,1485
0.9,8.88,0.0,1486
0.9,8.88,0.0,1487
0.9,8.88,0.01,1488
0.9,8.88,0.01,1489
0.9,8.88,0.02,1490
0.9,8.88,0.03,1491
0.9,8.88,0.05,1492
0.9,8.88,0.07,1493
0.9,8.88,0.1,1494
0.95,8.88,0.0,1495
0.95,8.88,0.0,1496
0.95,8.88,0.01,1497
0.95,8.88,0.01,1498
0.95,8.88,0.02,1499
0.95,8.88,0.03,1500
0.95,8.88,0.05,1501
0.95,8.88,0.07,1502
0.95,8.88,0.1,1503
1.0,8.88,0.0,1504
1.0,8.88,0.0,1505
1.0,8.88,0.01,1506
1.0,8.88,0.01,1507
1.0,8.88,0.02,1508
1.0,8.88,0.03,1509
1.0,8.88,0.05,1510
1.0,8.88,0.07,1511
1.0,8.88,0.1,1512
0.0,10.0,0.0,1513
0.0,10.0,0.0,1514
0.0,10.0,0.01,1515
0.0,10.0,0.01,1516
0.0,10.0,0.02,1517
0.0,10.0,0.03,1518
0.0,10.0,0.05,1519
0.0,10.0,0.07,1520
0.0,10.0,0.1,1521
0.05,10.0,0.0,1522
0.05,10.0,0.0,1523
0.05,10.0,0.01,1524
0.05,10.0,0.01,1525
0.05,10.0,0.02,1526
0.05,10.0,0.03,1527
0.05,10.0,0.05,1528
0.05,10.0,0.07,1529
0.05,10.0,0.1,1530
0.1,10.0,0.0,1531
0.1,10.0,0.0,1532
0.1,10.0,0.01,1533
0.1,10.0,0.01,1534
0.1,10.0,0.02,1535
0.1,10.0,0.03,1536
0.1,10.0,0.05,1537
0.1,10.0,0.07,1538
0.1,10.0,0.1,1539
0.15,10.0,0.0,1540
0.15,10.0,0.0,1541
0.15,10.0,0.01,1542
0.15,10.0,0.01,1543
0.15,10.0,0.02,1544
0.15,10.0,0.03,1545
0.15,10.0,0.05,1546
0.15,10.0,0.07,1547
0.15,10.0,0.1,1548
0.2,10.0,0.0,1549
0.2,10.0,0.0,1550
0.2,10.0,0.01,1551
0.2,10.0,0.01,1552
0.2,10.0,0.02,1553
0.2,10.0,0.03,1554
0.2,10.0,0.05,1555
0.2,10.0,0.07,1556
0.2,10.0,0.1,1557
0.25,10.0,0.0,1558
0.25,10.0,0.0,1559
0.25,10.0,0.01,1560
0.25,10.0,0.01,1561
0.25,10.0,0.02,1562
0.25,10.0,0.03,1563
0.25,10.0,0.05,1564
0.25,10.0,0.07,1565
0.25,10.0,0.1,1566
0.3,10.0,0.0,1567
0.3,10.0,0.0,1568
0.3,10.0,0.01,1569
0.3,10.0,0.01,1570
0.3,10.0,0.02,1571
0.3,10.0,0.03,1572
0.3,10.0,0.05,1573
0.3,10.0,0.07,1574
0.3,10.0,0.1,1575
0.35,10.0,0.0,1576
0.35,10.0,0.0,1577
0.35,10.0,0.01,1578
0.35,10.0,0.01,1579
0.35,10.0,0.02,1580
0.35,10.0,0.03,1581
0.35,10.0,0.05,1582
0.35,10.0,0.07,1583
0.35,10.0,0.1,1584
0.4,10.0,0.0,1585
0.4,10.0,0.0,1586
0.4,10.0,0.01,1587
0.4,10.0,0.01,1588
0.4,10.0,0.02,1589
0.4,10.0,0.03,1590
0.4,10.0,0.05,1591
0.4,10.0,0.07,1592
0.4,10.0,0.1,1593
0.45,10.0,0.0,1594
0.45,10.0,0.0,1595
0.45,10.0,0.01,1596
0.45,10.0,0.01,1597
0.45,10.0,0.02,1598
0.45,10.0,0.03,1599
0.45,10.0,0.05,1600
0.45,10.0,0.07,1601
0.45,10.0,0.1,1602
0.5,10.0,0.0,1603
0.5,10.0,0.0,1604
0.5,10.0,0.01,1605
0.5,10.0,0.01,1606
0.5,10.0,0.02,1607
0.5,10.0,0.03,1608
0.5,10.0,0.05,1609
0.5,10.0,0.07,1610
0.5,10.0,0.1,1611
0.55,10.0,0.0,1612
0.55,10.0,0.0,1613
0.55,10.0,0.01,1614
0.55,10.0,0.01,1615
0.55,10.0,0.02,1616
0.55,10.0,0.03,1617
0.55,10.0,0.05,1618
0.55,10.0,0.07,1619
0.55,10.0,0.1,1620
0.6,10.0,0.0,1621
0.6,10.0,0.0,1622
0.6,10.0,0.01,1623
0.6,10.0,0.01,1624
0.6,10.0,0.02,1625
0.6,10.0,0.03,1626
0.6,10.0,0.05,1627
0.6,10.0,0.07,1628
0.6,10.0,0.1,1629
0.65,10.0,0.0,1630
0.65,10.0,0.0,1631
0.65,10.0,0.01,1632
0.65,10.0,0.01,1633
0.65,10.0,0.02,1634
0.65,10.0,0.03,1635
0.65,10.0,0.05,1636
0.65,10.0,0.07,1637
0.65,10.0,0.1,1638
0.7,10.0,0.0,1639
0.7,10.0,0.0,1640
0.7,10.0,0.01,1641
0.7,10.0,0.01,1642
0.7,10.0,0.02,1643
0.7,10.0,0.03,1644
0.7,10.0,0.05,1645
0.7,10.0,0.07,1646
0.7,10.0,0.1,1647
0.75,10.0,0.0,1648
0.75,10.0,0.0,1649
0.75,10.0,0.01,1650
0.75,10.0,0.01,1651
0.75,10.0,0.02,1652
0.75,10.0,0.03,1653
0.75,10.0,0.05,1654
0.75,10.0,0.07,1655
0.75,10.0,0.1,1656
0.8,10.0,0.0,1657
0.8,10.0,0.0,1658
0.8,10.0,0.01,1659
0.8,10.0,0.01,1660
0.8,10.0,0.02,1661
0.8,10.0,0.03,1662
0.8,10.0,0.05,1663
0.8,10.0,0.07,1664
0.8,10.0,0.1,1665
0.85,10.0,0.0,1666
0.85,10.0,0.0,1667
0.85,10.0,0.01,1668
0.85,10.0,0.01,1669
0.85,10.0,0.02,1670
0.85,10.0,0.03,1671
0.85,10.0,0.05,1672
0.85,10.0,0.07,1673
0.85,10.0,0.1,1674
0.9,10.0,0.0,1675
0.9,10.0,0.0,1676
0.9,10.0,0.01,1677
0.9,10.0,0.01,1678
0.9,10.0,0.02,1679
0.9,10.0,0.03,1680
0.9,10.0,0.05,1681
0.9,10.0,0.07,1682
0.9,10.0,0.1,1683
0.95,10.0,0.0,1684
0.95,10.0,0.0,1685
0.95,10.0,0.01,1686
0.95,10.0,0.01,1687
0.95,10.0,0.02,1688
0.95,10.0,0.03,1689
0.95,10.0,0.05,1690
0.95,10.0,0.07,1691
0.95,10.0,0.1,1692
1.0,10.0,0.0,1693
1.0,10.0,0.0,1694
1.0,10.0,0.01,1695
1.0,10.0,0.01,1696
1.0,10.0,0.02,1697
1.0,10.0,0.03,1698
1.0,10.0,0.05,1699
1.0,10.0,0.07,1700
1.0,10.0,0.1,1701
